estimator,budget,ranks,timed_repeats,support_size,external_edges,external_unique,total_sec,total_sec_std,external_sec,external_sec_std,internal_sec,edge_generation_sec,support_lookup_sec,retained_projection_sec,external_staging_sec,report_assembly_sec,postprocess_sec,external_E2,external_E2_standard_error,delta_vs_exact_mha,delta_vs_exact_standard_errors,reduce_sec,reduce_local_transform_sec,reduce_route_prepare_sec,reduce_communication_sec,reduce_finalize_sec,countsketch_update_sec,countsketch_allreduce_sec,communication_bytes_per_rank,peak_device_allocated_bytes,peak_device_reserved_bytes,peak_host_rss_bytes,exchange_layout,edges_per_sec,speedup,parallel_efficiency
countsketch,30000,1,3,29715,107831972,-1,6.434052467346191,0.1214480116685938,6.428362131118774,0.13006436336465718,0.006114959716796875,3.2371082305908203,0.5883834362030029,0.2140336036682129,1.5895678997039795,1.0251998901367188e-05,1.0728836059570312e-05,-0.023707662107917707,2.777969431224584e-05,0.024903691369572434,0.8964710370694897,0.7849605083465576,0.7813692092895508,0.0,1.1682510375976562e-05,0.002941608428955078,0.2729337215423584,1.1682510375976562e-05,16777216,857181184,1168113664,13122596864,fixed_allreduce,16759572.998085404,1.0,1.0
countsketch,30000,2,3,29715,107831972,-1,3.157843589782715,0.028511195766750652,3.152798891067505,0.02859041921032269,0.005019664764404297,1.613464593887329,0.25316476821899414,0.10418367385864258,0.7883968353271484,9.059906005859375e-06,1.0251998901367188e-05,-0.023707662107918085,2.7779694312249556e-05,0.024903691369447534,0.8964710370648737,0.41469407081604004,0.3771235942840576,0.0,0.03191566467285156,0.005407571792602539,0.13723993301391602,0.03191566467285156,16777216,857181184,1170210816,7527944192,fixed_allreduce,34147344.20314329,2.0374829482257244,1.0187414741128622
countsketch,30000,4,3,29715,107831972,-1,1.6362009048461914,0.011602145344692363,1.6336722373962402,0.011656046572055169,0.003081798553466797,0.810039758682251,0.12930679321289062,0.0678110122680664,0.39829277992248535,9.059906005859375e-06,9.059906005859375e-06,-0.02370766210791727,2.777969431230502e-05,0.024903691369631414,0.8964710370697031,0.21269822120666504,0.188889741897583,0.0,0.02039957046508789,0.003426790237426758,0.06902122497558594,0.02039957046508789,16777216,857181184,1168113664,5071642624,fixed_allreduce,65903870.166931964,3.9323120090506336,0.9830780022626584
countsketch,30000,8,3,29715,107831972,-1,0.9284064769744873,0.04719911475127759,0.9263908863067627,0.04720048044194966,0.0023157596588134766,0.4461827278137207,0.07378196716308594,0.05776166915893555,0.23177814483642578,9.298324584960938e-06,1.0728836059570312e-05,-0.02370766210791788,2.7779694312274598e-05,0.02490369136952386,0.8964710370668132,0.11567878723144531,0.10149812698364258,0.0,0.012176990509033203,0.002518177032470703,0.03460335731506348,0.012176990509033203,16777216,857181184,1168113664,3412893696,fixed_allreduce,116147371.51705937,6.930210664097941,0.8662763330122426
countsketch,30000,12,3,29715,107831972,-1,0.6157546043395996,0.003799105739210725,0.6140744686126709,0.003861094943076816,0.002250194549560547,0.3107476234436035,0.04688739776611328,0.032807111740112305,0.14113712310791016,9.298324584960938e-06,8.58306884765625e-06,-0.023707662107918123,2.7779694312232826e-05,0.02490369136946835,0.8964710370661629,0.08002495765686035,0.06661152839660645,0.0,0.011210203170776367,0.0023653507232666016,0.023210763931274414,0.011210203170776367,16777216,857181184,1168113664,2527383552,fixed_allreduce,175121665.7415829,10.449052953890211,0.8707544128241843
countsketch,30000,16,3,29715,107831972,-1,0.45960116386413574,0.004573460479008635,0.45734739303588867,0.004569535693056504,0.0028400421142578125,0.22504830360412598,0.03714299201965332,0.016787052154541016,0.11478090286254883,1.1682510375976562e-05,1.0251998901367188e-05,-0.023707662107917832,2.777969431226501e-05,0.024903691369447534,0.896471037064375,0.06110835075378418,0.05101799964904785,0.0,0.007323265075683594,0.0025131702423095703,0.017468690872192383,0.007561206817626953,16777216,857181184,1176502272,2562789376,fixed_allreduce,234620754.8592644,13.999208385921719,0.8749505241201074
exact,30000,1,3,29715,107831972,45800099,7.075539827346802,0.08711445265824523,6.793668985366821,0.08641937179978547,0.0067369937896728516,3.198176860809326,0.5817101001739502,0.21364808082580566,1.5904731750488281,3.170967102050781e-05,0.276029109954834,-0.02373256579928728,0.0,0.0,0.0,1.208427906036377,0.5987184047698975,0.0,0.0,0.6082220077514648,nan,nan,1465603168,8884685312,10601103360,15583338496,single_rank,15240105.296733947,1.0,1.0
exact,30000,2,3,29715,107831972,45800099,3.5710222721099854,0.02764656520435329,3.4177794456481934,0.027284847554718147,0.012595415115356445,1.577683925628662,0.25586795806884766,0.10640382766723633,0.7931292057037354,1.6927719116210938e-05,0.14833736419677734,-0.023732565799287533,0.0,0.0,0.0,0.684272289276123,0.2787144184112549,0.05190610885620117,0.0565340518951416,0.2974734306335449,nan,nan,1549936336,5266898432,9059696640,8733814784,hierarchical_node,30196387.41605665,1.9813765606021063,0.9906882803010532
exact,30000,4,3,29715,107831972,45800099,1.8713631629943848,0.007160822846370937,1.781505823135376,0.003986561566512266,0.009235382080078125,0.8137466907501221,0.13207769393920898,0.06838512420654297,0.40194129943847656,1.4066696166992188e-05,0.08546328544616699,-0.0237325657992869,0.0,0.0,0.0,0.3470311164855957,0.1477043628692627,0.027696609497070312,0.019810914993286133,0.1572551727294922,nan,nan,810839976,2966300672,5016387584,5715447808,hierarchical_node,57622151.66587821,3.7809549569337295,0.9452387392334324
exact,30000,8,3,29715,107831972,45800099,1.033815622329712,0.00980499276366667,0.9849398136138916,0.009830367625670576,0.00438237190246582,0.44963574409484863,0.0704338550567627,0.04256296157836914,0.22481369972229004,1.3828277587890625e-05,0.046953678131103516,-0.023732565799287404,0.0,0.0,0.0,0.19302010536193848,0.08100295066833496,0.015291213989257812,0.014052867889404297,0.08316707611083984,nan,nan,425267660,1641266176,2764046336,3931025408,hierarchical_node,104304838.95861408,6.844102250459337,0.8555127813074171
exact,30000,12,3,29715,107831972,45800099,0.7474663257598877,0.013327606968316906,0.6920890808105469,0.016339450131137117,0.006363391876220703,0.31565022468566895,0.04736471176147461,0.02684807777404785,0.1452012062072754,1.33514404296875e-05,0.05328798294067383,-0.02373256579928759,0.0,0.0,0.0,0.15689611434936523,0.05137991905212402,0.01106572151184082,0.03782033920288086,0.05682206153869629,nan,nan,302503346,1140577792,1977614336,2861985792,hierarchical_node,144263317.6690282,9.466031556878072,0.7888359630731726
exact,30000,16,3,29715,107831972,45800099,0.5984885692596436,0.0034468517690734177,0.5459415912628174,0.002935625328857179,0.005850076675415039,0.23499107360839844,0.03915238380432129,0.023517131805419922,0.11753368377685547,1.2636184692382812e-05,0.05006265640258789,-0.02373256579928728,0.0,0.0,0.0,0.12685513496398926,0.04116702079772949,0.008360147476196289,0.030584335327148438,0.04547119140625,nan,nan,230929260,883811328,1545601024,2914729984,hierarchical_node,180173820.41797864,11.822347477913492,0.7388967173695933
countsketch,100000,1,3,100200,360433513,-1,21.733221530914307,0.4515178598507428,21.721412897109985,0.45394031054656536,0.016644716262817383,10.80743670463562,2.070174217224121,0.8954713344573975,5.229532241821289,2.2172927856445312e-05,1.4066696166992188e-05,-0.021351700367756382,2.963255560697865e-05,0.0172103471816204,0.5807918631752185,2.6107218265533447,2.602612018585205,0.0,1.1920928955078125e-05,0.009069442749023438,0.9118735790252686,1.1920928955078125e-05,16777216,857181184,1168113664,41074458624,fixed_allreduce,16584449.410194583,1.0,1.0
countsketch,100000,2,3,100200,360433513,-1,10.638668298721313,0.08395968419130916,10.63142204284668,0.0839658084044771,0.008562088012695312,5.315008878707886,0.9231431484222412,0.45471763610839844,2.5229718685150146,1.430511474609375e-05,1.3589859008789062e-05,-0.021351700367756594,2.963255560697415e-05,0.017210347181575297,0.5807918631737847,1.362912654876709,1.2417099475860596,0.0,0.09055542945861816,0.007914304733276367,0.45797109603881836,0.09055542945861816,16777216,857181184,1170210816,21701816320,fixed_allreduce,33879570.532650344,2.042851691647015,1.0214258458235075
countsketch,100000,4,3,100200,360433513,-1,5.510105848312378,0.01807740816955957,5.503484725952148,0.01797647802666266,0.0068187713623046875,2.7065579891204834,0.4686250686645508,0.27844762802124023,1.3240156173706055,1.52587890625e-05,1.049041748046875e-05,-0.021351700367756556,2.9632555606956957e-05,0.01721034718150244,0.580791863171663,0.674128532409668,0.6443171501159668,0.0,0.023934602737426758,0.005031585693359375,0.23069143295288086,0.023934602737426758,16777216,857181184,1172307968,12091133952,fixed_allreduce,65413174.07003946,3.9442475569812703,0.9860618892453176
countsketch,100000,8,3,100200,360433513,-1,3.1297457218170166,0.09753386996931405,3.103271007537842,0.012696835983665092,0.007931232452392578,1.532050609588623,0.26230812072753906,0.15123295783996582,0.7681241035461426,8.344650268554688e-06,1.049041748046875e-05,-0.021351700367756438,2.9632555606998774e-05,0.01721034718156142,0.5807918631728338,0.3786749839782715,0.33138489723205566,0.0,0.04217934608459473,0.0031175613403320312,0.1142117977142334,0.04217934608459473,16777216,857181184,1168113664,7222951936,fixed_allreduce,115163832.79557465,6.944085386686554,0.8680106733358193
countsketch,100000,12,3,100200,360433513,-1,1.9666335582733154,0.06781501076905207,1.962270975112915,0.06761108605253917,0.005736112594604492,0.933988094329834,0.16888642311096191,0.1507706642150879,0.46706581115722656,8.58306884765625e-06,8.58306884765625e-06,-0.021351700367756535,2.9632555606957245e-05,0.017210347181523256,0.5807918631723598,0.2505984306335449,0.2139451503753662,0.0,0.03505969047546387,0.0027616024017333984,0.07673931121826172,0.03505969047546387,16777216,857181184,1168113664,5653803008,fixed_allreduce,183274363.1795122,11.050976649659054,0.9209147208049212
countsketch,100000,16,3,100200,360433513,-1,1.6310153007507324,0.03090169466488261,1.6283156871795654,0.03107399472243153,0.003957986831665039,0.8022065162658691,0.1399538516998291,0.10747838020324707,0.38384151458740234,8.58306884765625e-06,1.0728836059570312e-05,-0.02135170036775643,2.963255560698897e-05,0.01721034718156836,0.5807918631732601,0.18738317489624023,0.1713886260986328,0.0,0.01251673698425293,0.0025005340576171875,0.05804085731506348,0.01251673698425293,16777216,857181184,1176502272,4059586560,fixed_allreduce,220987205.22983307,13.324964836878491,0.8328103023049057
exact,100000,1,3,100200,360433513,135154646,23.58676505088806,0.10578958564920043,22.734682321548462,0.04348953085459617,0.01395273208618164,10.650312662124634,2.1524553298950195,0.8903844356536865,5.260950088500977,3.457069396972656e-05,0.7673044204711914,-0.021368910714938003,0.0,0.0,0.0,3.741365909576416,1.9844086170196533,0.0,0.0,1.7569572925567627,nan,nan,4324948672,28465005056,33774632960,48544845824,single_rank,15281176.21142071,1.0,1.0
exact,100000,2,3,100200,360433513,135154646,11.76777982711792,0.02091649401406926,11.379087924957275,0.020344900328720883,0.030425548553466797,5.306487560272217,0.9451415538787842,0.45355868339538574,2.565342903137207,3.0279159545898438e-05,0.38100767135620117,-0.02136891071493817,0.0,0.0,0.0,2.1164896488189697,0.9351625442504883,0.15231919288635254,0.15661048889160156,0.8724679946899414,nan,nan,4593509264,15705841664,26042433536,25575272448,hierarchical_node,30628845.737698916,2.0043513217790005,1.0021756608895003
exact,100000,4,3,100200,360433513,135154646,6.236528635025024,0.10127816237777726,5.953261613845825,0.11243492311173746,0.04301762580871582,2.7401537895202637,0.4947223663330078,0.25225114822387695,1.3680825233459473,1.8596649169921875e-05,0.21378087997436523,-0.021368910714938058,0.0,0.0,0.0,1.0878522396087646,0.48554491996765137,0.07889056205749512,0.07274556159973145,0.45086121559143066,nan,nan,2406872568,8777411584,15095300096,14020096000,hierarchical_node,57793932.184607655,3.7820342743914006,0.9455085685978502
exact,100000,8,3,100200,360433513,135154646,3.488474130630493,0.046837461115495506,3.3518593311309814,0.012129971759928656,0.015707015991210938,1.5255911350250244,0.26851916313171387,0.15882062911987305,0.767681360244751,1.5020370483398438e-05,0.13146138191223145,-0.021368910714938,0.0,0.0,0.0,0.6183311939239502,0.2676520347595215,0.04224967956542969,0.06945228576660156,0.2385270595550537,nan,nan,1267777124,4865745920,8204058624,8201895936,hierarchical_node,103321251.49939314,6.7613415400690045,0.8451676925086256
exact,100000,12,3,100200,360433513,135154646,2.294926166534424,0.022764125834937254,2.1814358234405518,0.024795272525854797,0.01211237907409668,0.9620001316070557,0.16919183731079102,0.11726593971252441,0.47827768325805664,1.3828277587890625e-05,0.10826921463012695,-0.021368910714938058,0.0,0.0,0.0,0.46639251708984375,0.16789746284484863,0.029736042022705078,0.10790205001831055,0.15913152694702148,nan,nan,905032082,3345093632,5653921792,6401359872,hierarchical_node,157056692.39210948,10.277788189807657,0.856482349150638
exact,100000,16,3,100200,360433513,135154646,1.9818453788757324,0.00874082476184684,1.8802456855773926,0.009269322073588887,0.10911440849304199,0.8056662082672119,0.13723373413085938,0.08390951156616211,0.38486814498901367,1.3589859008789062e-05,0.1004328727722168,-0.021368910714938,0.0,0.0,0.0,0.4621739387512207,0.13341999053955078,0.02258133888244629,0.0817880630493164,0.2263777256011963,nan,nan,691443210,2653109248,4466933760,4646899712,hierarchical_node,181867625.41710892,11.901415368876274,0.7438384605547671
countsketch,300000,4,3,298352,1066823692,-1,16.665440320968628,0.010100044140626183,16.655455350875854,0.010075469306329814,0.014100074768066406,8.160939455032349,1.4515345096588135,0.9391903877258301,3.9156618118286133,1.6450881958007812e-05,1.1205673217773438e-05,-0.01949361152899061,3.1739804731033074e-05,0.009607877909760532,0.3027075305339414,2.042609453201294,1.8794548511505127,0.0,0.13905787467956543,0.008672475814819336,0.6832752227783203,0.13905787467956543,16777216,857181184,1168113664,31671095296,fixed_allreduce,64014131.727303445,1.0,1.0
countsketch,300000,8,3,298352,1066823692,-1,9.565707683563232,0.10280839483486509,9.557985782623291,0.03848326553970721,0.012245893478393555,4.695235252380371,0.8831286430358887,0.5786073207855225,2.255002737045288,1.4543533325195312e-05,1.4066696166992188e-05,-0.01949361152899095,3.173980473099299e-05,0.009607877909795226,0.30270753053541677,1.0593984127044678,0.9802641868591309,0.0,0.07397007942199707,0.00519561767578125,0.33679771423339844,0.07397007942199707,16777216,857181184,1170210816,17036439552,fixed_allreduce,111525851.2272045,1.7422067318244394,0.8711033659122197
countsketch,300000,12,3,298352,1066823692,-1,5.938889265060425,0.05902707068481216,5.865350961685181,0.060516482251064235,0.07583189010620117,2.855607271194458,0.5408132076263428,0.36318516731262207,1.4086503982543945,1.9311904907226562e-05,1.2636184692382812e-05,-0.019493611528990942,3.173980473102225e-05,0.009607877909750123,0.3027075305337167,0.705059289932251,0.6332113742828369,0.0,0.06795597076416016,0.0038919448852539062,0.22485566139221191,0.06795597076416016,16777216,857181184,1172307968,12259074048,fixed_allreduce,179633538.25711477,2.8061544132527394,0.9353848044175798
countsketch,300000,16,3,298352,1066823692,-1,5.304721355438232,0.12218737264836592,5.167537689208984,0.022431134064284375,0.14246797561645508,2.2966740131378174,0.4506709575653076,0.2945253849029541,1.1419248580932617,1.71661376953125e-05,1.6927719116210938e-05,-0.019493611528990984,3.17398047309891e-05,0.00960787790970849,0.3027075305327211,0.9596676826477051,0.4920186996459961,0.0,0.4668262004852295,0.003488302230834961,0.1685788631439209,0.46710944175720215,16777216,857181184,1176502272,9671864320,fixed_allreduce,201108337.36937496,3.141624074916536,0.785406018729134
exact,300000,4,3,298352,1066823692,358999436,18.277138710021973,0.08315526500927212,17.75078010559082,0.08213791286648059,0.037516117095947266,8.263831377029419,1.4889094829559326,0.8553812503814697,4.002434015274048,3.528594970703125e-05,0.5156137943267822,-0.01950321940690037,0.0,0.0,0.0,3.0636136531829834,1.4454345703125,0.20924687385559082,0.1171407699584961,1.2143275737762451,nan,nan,6429255088,23404734464,38900072448,37042786304,hierarchical_node,58369294.50095077,1.0,1.0
exact,300000,8,3,298352,1066823692,358999436,10.36825942993164,0.012050843561919154,10.061221361160278,0.01168591174496403,0.02338886260986328,4.712082624435425,0.8909680843353271,0.5317285060882568,2.2853200435638428,1.9550323486328125e-05,0.2992880344390869,-0.019503219406900744,0.0,0.0,0.0,1.64223313331604,0.789820671081543,0.11285710334777832,0.11133098602294922,0.63016676902771,nan,nan,3384572052,12940453888,22405971968,19620511744,hierarchical_node,102893229.0139497,1.7627972017423252,0.8813986008711626
exact,300000,12,3,298352,1066823692,358999436,6.818255662918091,0.07917981037449319,6.520505428314209,0.08499010517881456,0.11377286911010742,2.8725674152374268,0.5438687801361084,0.3612673282623291,1.430100679397583,1.6689300537109375e-05,0.21171331405639648,-0.019503219406900692,0.0,0.0,0.0,1.2754955291748047,0.48764824867248535,0.07297396659851074,0.2815418243408203,0.4189887046813965,nan,nan,2435615704,9130018304,15388901376,14068195328,hierarchical_node,156465780.21443957,2.6806179782058344,0.8935393260686114
exact,300000,16,3,298352,1066823692,358999436,6.571125507354736,0.8501947075175509,6.312090635299683,0.8413599604233186,0.2174816131591797,2.322676181793213,0.4619290828704834,0.2263965606689453,1.4677975177764893,1.9550323486328125e-05,0.18779373168945312,-0.019503219406900692,0.0,0.0,0.0,2.124995470046997,0.3945138454437256,0.05650782585144043,0.66872239112854,1.0108294486999512,nan,nan,1852960094,7071359488,11886657536,11075358720,hierarchical_node,162350223.07912958,2.781431992063654,0.6953579980159135
